CL_IRFCL_COUNTRY_PUB,International Reserves and Foreign Currency Liquidity (IRFCL) Country
AFG,"Afghanistan, Islamic Republic of"
ALB,Albania
DZA,Algeria
ASM,American Samoa
AND,"Andorra, Principality of"
AGO,Angola
AIA,"Anguilla, United Kingdom-British Overseas Territory"
ATG,Antigua and Barbuda
ARG,Argentina
ARM,"Armenia, Republic of"
ABW,"Aruba, Kingdom of the Netherlands"
AUS,Australia
AUT,Austria
AZE,"Azerbaijan, Republic of"
BHS,"Bahamas, The"
BHR,"Bahrain, Kingdom of"
BGD,Bangladesh
BLR,"Belarus, Republic of"
BEL,Belgium
BLZ,Belize
BEN,Benin
BMU,Bermuda
BTN,Bhutan
BOL,Bolivia
BIH,Bosnia and Herzegovina
BWA,Botswana
BRA,Brazil
VGB,British Virgin Islands
BRN,Brunei Darussalam
BGR,Bulgaria
BFA,Burkina Faso
BDI,Burundi
CPV,Cabo Verde
KHM,Cambodia
CMR,Cameroon
CAN,Canada
CYM,Cayman Islands
CAF,Central African Republic
TCD,Chad
CHL,Chile
CHN,"China, People's Republic of"
COL,Colombia
COM,"Comoros, Union of the"
COD,"Congo, Democratic Republic of the"
COG,"Congo, Republic of"
COK,Cook Islands
CRI,Costa Rica
HRV,"Croatia, Republic of"
CUB,Cuba
CUW,"Curaçao, Kingdom of the Netherlands"
CYP,Cyprus
CZE,Czech Republic
CIV,Côte d'Ivoire
DNK,Denmark
DJI,Djibouti
DMA,Dominica
DOM,Dominican Republic
ECU,Ecuador
EGY,"Egypt, Arab Republic of"
SLV,El Salvador
GNQ,"Equatorial Guinea, Republic of"
ERI,"Eritrea, The State of"
EST,"Estonia, Republic of"
SWZ,"Eswatini, Kingdom of"
ETH,"Ethiopia, The Federal Democratic Republic of"
FLK,Falkland Islands (Malvinas)
FRO,Faroe Islands
FJI,"Fiji, Republic of"
FIN,Finland
FRA,France
GUF,French Guiana
PYF,French Polynesia
GAB,Gabon
GMB,"Gambia, The"
GEO,Georgia
DEU,Germany
GHA,Ghana
GIB,Gibraltar
GRC,Greece
GRL,Greenland
GRD,Grenada
GLP,Guadeloupe
GUM,Guam
GTM,Guatemala
GGY,Guernsey
GIN,Guinea
GNB,Guinea-Bissau
GUY,Guyana
HTI,Haiti
VAT,Holy See
HND,Honduras
HKG,"Hong Kong Special Administrative Region, People's Republic of China"
HUN,Hungary
ISL,Iceland
IND,India
IDN,Indonesia
IRN,"Iran, Islamic Republic of"
IRQ,Iraq
IRL,Ireland
IMN,Isle of Man
ISR,Israel
ITA,Italy
JAM,Jamaica
JPN,Japan
JEY,Jersey
JOR,Jordan
KAZ,"Kazakhstan, Republic of"
KEN,Kenya
KIR,Kiribati
PRK,"Korea, Democratic People's Republic of"
KOR,"Korea, Republic of"
KOS,"Kosovo, Republic of"
KWT,Kuwait
KGZ,Kyrgyz Republic
LAO,Lao People's Democratic Republic
LVA,"Latvia, Republic of"
LBN,Lebanon
LSO,"Lesotho, Kingdom of"
LBR,Liberia
LBY,Libya
LIE,"Liechtenstein, Principality of"
LTU,"Lithuania, Republic of"
LUX,Luxembourg
MAC,"Macao Special Administrative Region, People's Republic of China"
MDG,"Madagascar, Republic of"
MWI,Malawi
MYS,Malaysia
MDV,Maldives
MLI,Mali
MLT,Malta
MHL,"Marshall Islands, Republic of the"
MTQ,Martinique
MRT,"Mauritania, Islamic Republic of"
MUS,Mauritius
MYT,Mayotte
MEX,Mexico
FSM,"Micronesia, Federated States of"
MDA,"Moldova, Republic of"
MCO,Monaco
MNG,Mongolia
MNE,Montenegro
MSR,"Montserrat, United Kingdom-British Overseas Territory"
MAR,Morocco
MOZ,"Mozambique, Republic of"
MMR,Myanmar
NAM,Namibia
NRU,"Nauru, Republic of"
NPL,Nepal
NLD,"Netherlands, The"
NCL,New Caledonia
NZL,New Zealand
NIC,Nicaragua
NER,Niger
NGA,Nigeria
NIU,Niue
NFK,Norfolk Island
MKD,"North Macedonia, Republic of"
MNP,Northern Mariana Islands
NOR,Norway
OMN,Oman
PAK,Pakistan
PLW,"Palau, Republic of"
PAN,Panama
PRY,Paraguay
PER,Peru
PHL,Philippines
PCN,Pitcairn Islands
POL,"Poland, Republic of"
PRT,Portugal
PRI,Puerto Rico
QAT,Qatar
ROU,Romania
RUS,Russian Federation
RWA,Rwanda
REU,Réunion
WSM,Samoa
SMR,"San Marino, Republic of"
SAU,Saudi Arabia
SEN,Senegal
SRB,"Serbia, Republic of"
SYC,Seychelles
SLE,Sierra Leone
SGP,Singapore
SXM,"Sint Maarten, Kingdom of the Netherlands"
SVK,Slovak Republic
SVN,"Slovenia, Republic of"
SLB,Solomon Islands
SOM,Somalia
ZAF,South Africa
SSD,"South Sudan, Republic of"
ESP,Spain
LKA,Sri Lanka
SHN,St. Helena
KNA,St. Kitts and Nevis
LCA,St. Lucia
SPM,St. Pierre and Miquelon
VCT,St. Vincent and the Grenadines
SDN,Sudan
SUR,Suriname
SJM,Svalbard and Jan Mayen Islands
SWE,Sweden
CHE,Switzerland
SYR,Syrian Arab Republic
STP,"São Tomé and Príncipe, Democratic Republic of"
TWN,Taiwan Province of China
TJK,"Tajikistan, Republic of"
TZA,"Tanzania, United Republic of"
THA,Thailand
TLS,"Timor-Leste, Democratic Republic of"
TGO,Togo
TKL,Tokelau
TON,Tonga
TTO,Trinidad and Tobago
TUN,Tunisia
TKM,Turkmenistan
TCA,Turks and Caicos Islands
TUV,Tuvalu
TUR,"Türkiye, Republic of"
UGA,Uganda
UKR,Ukraine
ARE,United Arab Emirates
GBR,United Kingdom
USA,United States
VIR,United States Virgin Islands
URY,Uruguay
UZB,"Uzbekistan, Republic of"
VUT,Vanuatu
VEN,"Venezuela, República Bolivariana de"
VNM,Vietnam
WLF,Wallis and Futuna Islands
WBG,West Bank and Gaza
YEM,"Yemen, Republic of"
ZMB,Zambia
ZWE,Zimbabwe
ALA,Åland Islands
BES,"Bonaire, Saint Eustatius and Saba"
ATF,French Southern Territories
CWX,Curaçao and Sint Maarten
CSK,Czechoslovakia
DDR,German Democratic Republic
ANT,Netherlands Antilles
VDR,"Vietnam, Democratic Republic of"
SCG,Serbia and Montenegro
SUN,Union of Soviet Socialist Republics (USSR)
YAR,Yemen Arab Republic
YMD,"Yemen, People's Democratic Republic of"
YUG,"Yugoslavia, Socialist Federal Republic of"
U019,Americas
U015,Northern Africa
U202,Sub-Saharan Africa
U002,Africa
U142,Asia
U053,Australia and New Zealand
U029,Caribbean
U013,Central America
U143,Central Asia
U014,Eastern Africa
U030,Eastern Asia
U151,Eastern Europe
U150,Europe
U054,Melanesia
U057,Micronesia
U017,Middle Africa
U154,Northern Europe
U009,Oceania
U061,Polynesia
U005,South America
U035,South-eastern Asia
U018,Southern Africa
U034,Southern Asia
U039,Southern Europe
U011,Western Africa
U145,Western Asia
U155,Western Europe
G202,Advanced Asia
G110,Advanced Economies
G906,Advanced Europe
G510,ASEAN-5
G940,Caucasus and Central Asia (CCA)
G758,Central African Economic and Monetary Community (CEMAC)
G609,CFA franc zone
G619,East African Community (EAC)
G309,Eastern Caribbean Currency Union (ECCU)
G776,Economic Community of West African States (ECOWAS)
G209,EMDEs by External Financing: Net Creditors
G606,EMDEs by External Financing: Net Debtors
G087,EMDEs by External Financing: Net Debtors with Arrears and/or Reschedulings
G216,EMDEs by Source of Export Earnings: Diversified
G080,EMDEs by Source of Export Earnings: Fuel
G083,EMDEs by Source of Export Earnings: Manufactures
G092,EMDEs by Source of Export Earnings: Nonfuel
G089,EMDEs by Source of Export Earnings: Primary Products (excluding Fuel)
G084,"EMDEs by Source of Export Earnings: Services (including Income, Transfers)"
G505,Emerging and Developing Asia
G903,Emerging and Developing Europe
G1515,Emerging Asia
G200,Emerging Market and Developing Economies
G1201,Emerging Market and Middle-Income Economies
G995,Euro Area (EA) – aggregate of member states
G998,European Union (EU)
G715,Fragile and Conflict-affected States (FCS)
G120,G20
G119,G7
G450,Gulf Cooperation Council (GCC)
G711,Heavily Indebted Poor Countries (HIPC)
G205,Latin America and the Caribbean (LAC)
G201,Low-Income Developing Countries (LIDC)
G400,Middle East and Central Asia
G401,Middle East and Central Asia: Oil Exporters
G402,Middle East and Central Asia: Oil Importers
G406,Middle East and North Africa (MENA)
G92031,North America
G757,Southern African Customs Union (SACU)
G603,Sub-Saharan Africa (SSA)
G1627,Sub-Saharan Africa (SSA): Low-Income
G1626,Sub-Saharan Africa (SSA): Middle-Income
G1614,Sub-Saharan Africa (SSA): Oil Exporters
G759,West African Economic and Monetary Union (WAEMU)
G001,World
G163,Euro Area (EA)
GASEAN,ASEAN
G765,Southern African Development Community (SADC)
G760,Common Market for Eastern and Southern Africa (COMESA)
G129,Benelux
BLM,Saint Barthelemy
MAF,Saint Martin
SGS,South Georgia and the South Sandwich Islands
CXR,Christmas Island
CCK,Cocos Islands
ESH,Western Sahara
BVT,Bouvet Island
IOT,British Indian Ocean Territory
HMD,Heard Island and McDonald Islands
UMI,United States Minor Outlying Islands
GSAC,Southern African Customs Union (SACU)
_Z,Not applicable
AACB,Association of African Central Banks (AACB)
ABANK,ABank A.Ş.
ABE,Aberdeen Group
ABECB,Abeceb.com
ABFND,Australian Beef Industry Foundation (ABIF)
ABNAM,ABN AMRO Bank N.V.
ABSAG,Absa Group Limited
ACCEC,Access Economics
ACERD,Ateneo Center for Economic Research and Development
ACG,African Consultative Group (ACG)
ACMCO,ACM Consultores
ACMR,All China Marketing Research LLC (ACMR)
ACP,"African, Caribbean and Pacific Group of States Secretariat (ACP)"
ACRA,ACRA Credit Rating Agency Limited
ACRAE,ACRA Europe
ACTEC,Action Economics LLC
ACTIN,Actinver
ACYVA,Acciones y Valores S.A. Comisionista de Bolsa
ADB,Asian Development Bank (ADB)
ADC,Andean Development Corporation (CAF)
ADDIK,Addiko Bank d.d.
AEAWEB,American Economic Association
AFD,African Development Bank (AfDB)
AFESD,Arab Fund for Economic and Social Development (AFESD)
AFHWB,Affin Hwang Investment Bank Berhad
AFI,Analistas Financieros Internacionales (AFI)
AFRISTAT,AFRISTAT
AGPV,"Azpurua, García & Velásquez"
AIGRP,American International Group
AII,Asian Infrastructure Investment Bank (AIIB)
AIRFIN,Airfinity Limited
AKAVA,Akava
ALBRK,Albaraka Türk Katılım Bankası A.Ş.
ALFAB,Alfa-Bank
ALIAN,Allianz SE
ALPHA,ALPHA
AMCCM,American Chamber of Commerce of Mexico
AMCM,Monetary Authority of Macao (AMCM)
AMF,Arab Monetary Fund (AMF)
AMIB,Am Investment Bank
AMP,AMP Limited
AMRO,ASEAN+3 Macroeconomic Research Office (AMRO)
ANDES,Andes Investments
ANIF,National Association of Financial Institutions (ANIF)
ANZ,ANZ Bank New Zealand Limited
ANZBK,Australia and New Zealand Banking Group Limited
APEC,Asia-Pacific Economic Cooperation (APEC)
API,Arab Planning Institute (API)
APOYO,Apoyo Consultoría
APSA,Administration of the Patrimony of the Apostolic See (APSA)
ARAZL,Arazul Capital Gestão de Recursos Ltda.
ARGUS,Argus Media Inc
ASB,Association of Supervisors of Banks of the Americas (ASBA)
ASBBANK,ASB Bank Limited
ASEAN,Association of Southeast Asian Nations (ASEAN)
ASSBR,Association of British Insurers
ATAYM,Ata Yatırım Menkul Değerler A.Ş.
ATLA,Atlas AI
ATLFS,Atlantik Finansal Tavsiye A.Ş.
AU,African Union (AU)
AXAIM,AXA Investment Managers
AXESR,Axesor
AYACP,AYA Capital
AYUDH,Bank of Ayudhya Public Company Limited
BAHNA,PT Bahana Sekuritas
BAL,Bank Of Albania
BANCH,Banchile Inversiones
BANCRE,Banco de Crédito del Perú
BANCRO,Banca Comercială Română S.A.
BANES,"Banesco Banco Universal, C.A."
BANESTO,"Banco Español de Crédito, S.A. (Banesto)"
BANKI,Bankia S.A.
BANMX,Grupo Financiero Banamex S.A. de C.V.
BANQP,La Banque Postale
BANTL,Bantleon Bank AG
BARCP,Barclays Capital
BARPL,Barclays Bank PLC
BARRN,Barrenjoey Capital Partners
BAYLB,Bayerische Landesbank
BB,Bank of Botswana
BBS,Budapest Business School
BBVAC,BBVA Banco Continental
BBVAR,"Banco Bilbao Vizcaya Argentaria, S.A."
BBVBF,BBVA Banco Francés S.A.
BBVBM,BBVA Bancomer S.A.
BBVBP,"BBVA Banco Provincial, C.A. Banco Universal"
BBVCO,BBVA Colombia S.A.
BBVCP,"BBVA Compass Bancshares, Inc."
BBVUS,"BBVA USA Bancshares, Inc."
BCA,Bank of Canada
BCBO,Central Bank of Bolivia
BCBZ,Central Bank of Brazil
BCC,Central Bank of the Congo
BCCH,Central Bank of Chile
BCCR,Central Bank of Costa Rica
BCE,Central Bank of West African States (BCEAO)
BCEC,Central Bank of Ecuador
BCH,Central Bank of Honduras
BCI,Banco de Crédito e Inversiones (BCI)
BCIRESEARCH,Bci Research
BCL,Central Bank of Luxembourg
BCM,Central Bank of Mauritania
BCN,Central Bank of Nicaragua
BCO,Bank of the Republic
BCOLO,Bancolombia S.A.
BCP,Central Bank of Paraguay
BCR,Central Reserve Bank of El Salvador
BCRA,Central Bank of Argentina
BCRCO,Banco Credicoop Cooperativo Limitado
BCS,BCS Global Markets
BCSM,Central Bank of the Republic of San Marino
BCSTP,Central Bank of São Tomé and Príncipe
BCT,Central Bank of Tunisia
BCV,Bank of Cabo Verde
BCW,Banking Commission of the West African Monetary Union
BDB,Bangladesh Bank
BDCB,Brunei Darussalam Central Bank (BDCB)
BDE,Development Bank of Central African States (BDEAC)
BDF,Bank of France
BDL,Bank of Lebanon
BDOBIP,BDO BIPE Advisory
BDOUN,"Banco de Oro Unibank, Inc."
BDZ,Bank Of Algeria
BE,Bank of Spain
BEA,Bank of Central African States (BEAC)
BEAST,"The Bank of East Asia, Limited."
BECON,Beacon Economics Forecasting
BEE,Bank of Estonia
BER,Bank of Eritrea
BERL,Business and Economic Research Limited
BERSP,Berliner Sparkasse
BFI,Bank of Finland
BGCP,BG Capital
BGCPARTNERS,"BGC Partners, Inc."
BGT,Bank of Guatemala
BGY,Bank of Guyana
BHFBN,BHF-BANK AG
BI,Bank Indonesia
BICE,Banco BICE
BIPE,BIPE
BIS,Bank for International Settlements (BIS)
BISOX,BIS Oxford Economics
BISSH,BIS Shrapnel
BIT,Bank of Italy
BJM,Bank of Jamaica
BJP,Bank of Japan
BJSSL,Bank J. Safra Sarasin Ltd
BKAM,Bank Al-Maghrib
BLMEC,Bloomberg Economics
BLOOM,Bloomberg Finance LP (BBG)
BLPDR,Bank of the Lao P.D.R.
BLT,Bank of Lithuania
BLV,Bank of Latvia
BMGF,Bill and Melinda Gates Foundation (BMGF)
BMN,Bank of Mongolia
BMOCP,BMO Capital Markets
BMOMK,BMO Financial Markets
BMX,Bank of Mexico
BMZ,Bank of Mozambique
BNA,National Bank of Angola
BNB,Bulgarian National Bank (BNB)
BNL,Banca Nazionale del Lavoro
BNM,Bank Negara Malaysia (BNM)
BNMXC,Banamex - Citigroup
BNPBF,BNP Paribas Fortis SA/NV
BNPPB,BNP Paribas
BNR,National Bank of Romania
BNRW,National Bank of Rwanda
BNZ,Bank of New Zealand
BOA,West African Development Bank (BOAD) (WADB)
BOC,People’s Bank of China (PBC)
BOCHK,Bank of China (Hong Kong) Limited
BOE,Bank of England
BOFAC,Bank of America Corporation
BofAML,Bank of America - Merrill Lynch
BOG,Bank of Greece
BOGH,Bank of Ghana
BOGOT,Banco de Bogotá S.A.
BOI,Bank of Israel
BOK,Bank of Korea
BOM,Bank of Mauritius
BON,Bank of Namibia
BONDRDR,Bond Radar Ltd
BOSS,Bank of South Sudan
BOT,Bank of Thailand
BOU,Bank of Uganda
BOZ,Bank of Zambia
BP,Bank of Portugal
BPH,Bank BPH S.A.
BPI,"Banco BPI, S.A."
BPPI,Bank of the Philippine Islands
BQK,Central Bank of the Republic of Kosovo
BRAD,Banco Bradesco S.A.
BRB,Bank of the Republic of Burundi
BRCCH,British Chambers of Commerce
BRCG,Central Bank of the Republic of Guinea
BRH,Bank of the Republic of Haiti
BRICS,BRICS Countries (CRA)
BSI,Bank of Slovenia
BSL,Central Bank of Sierra Leone
BSP,Central Bank of the Philippines
BTFI,BT Financial Group
BTFM,BT Funds Management
BTGP,BTG Pactual
BTMU,"Bank of Tokyo-Mitsubishi UFJ, Ltd."
BTZ,Bank of Tanzania
BULLT,"Bulltick, LLC"
BURGN,Burgan Yatırım Menkul Değerler A.Ş.
BVB,Banco BV S.A.
BVD,Bureau Van Dijk Electronic Publishing (BvD)
BZWBK,Bank Zachodni WBK
CAB,Central American Bank for Economic Integration (CABEI)
CAFBK,Development Bank of Latin America and the Caribbean
CAIE,Centro de Análisis e Investigación Económica (CAIE)
CAIXA,"Caixabank, S.A."
CAJAM,Caja Madrid
CAM,Central American Monetary Council (CAMC)
CAMCO,Cámara de Comercio de Santiago
CAMEC,Cambridge Econometrics
CAPEC,Capital Economics
CAPECON,Capital Economics Na Ltd
CARWIRE,Caracas Wire LLC
CASER,Center for Social and Economic Research
CATOL,Universidade Católica Portuguesa
CBA,Central Bank of Armenia
CBAE,Central Bank of the United Arab Emirates
CBANK,Credit Bank of Moscow
CBAR,Central Bank of the Republic of Azerbaijan
CBAW,Central Bank of Aruba
CBB,Central Bank of Bahrain
CBBH,Central Bank of Bosnia and Herzegovina
CBBS,Central Bank of the Bahamas
CBBZ,Central Bank of Belize
CBCG,Central Bank of Montenegro
CBCS,Central Bank of Curacao and St Maarten
CBCY,Central Bank of Cyprus
CBDE,Deutsche Bundesbank (Germany)
CBDJ,Central Bank of Djibouti
CBDK,Danmarks National Bank
CBDO,Central Bank of the Dominican Republic
CBE,Central Bank of Eswatini
CBEG,Central Bank of Egypt
CBG,Central Bank of the Gambia
CBI,Central Bank of the Islamic Republic of Iran
CBIE,Central Bank of Ireland
CBIN,Reserve Bank of India
CBIQ,Central Bank of Iraq
CBIS,Central Bank of Iceland
CBJ,Central Bank of Jordan
CBK,Central Bank of Kuwait
CBKE,Central Bank of Kenya
CBL,Central Bank of Lesotho
CBLR,Central Bank of Liberia
CBLY,Central Bank of Libya
CBM,Central Bank of Malta
CBMG,Central Bank of Madagascar
CBMY,Central Bank of Myanmar
CBN,Central Bank of Nigeria
CBO,Central Bank of Oman
CBONDS,Cbonds Europe Sia
CBOS,Central Bank of Sudan
CBR,Collaborative Africa Budget Reform Initiative (CABRI)
CBRB,Central Bank of Barbados
CBRU,Central Bank of the Russian Federation
CBSI,Central Bank of Solomon Islands
CBSL,Central Bank of Sri Lanka
CBSO,Central Bank of Somalia
CBSSC,Central Bank of Seychelles
CBSWS,Central Bank of Samoa
CBSY,Central Bank of Syria
CBT,Central Bank of Turkmenistan
CBTL,Central Bank of Timor-Leste
CBTT,Central Bank of Trinidad and Tobago
CBU,The Central Bank of the Republic of Uzbekistan (CBU)
CBUY,Central Bank of Uruguay
CBV,Central Bank of Venezuela
CBVS,Central Bank of Suriname
CBY,Central Bank of Yemen
CCDATA,CC Data Limited
CCO,Caribbean Community (CARICOM)
CCS,"Central American Council of Superintendents of Banks, Insurance, and Other Financial Institutions (CCSBSO)"
CDB,Caribbean Development Bank (CDB)
CDPQ,Caisse de dépôt et placement du Québec
CE6,Central African Economic and Monetary Community (CEMAC)
CEB,Council of Europe Development Bank (CEB)
CEE,Economic Community of Central African States (ECCAS)
CEEY,Centro de Estudios Espinosa Yglesias (CEEY)
CEF,Center of Excellence in Finance (CEF)
CELFN,Celfin Capital
CENTU,Centura SAB
CEOE,Confederación Española de Organizaciones Empresariales
CEPRD,Centro de Predicción Económica (CEPREDE)
CER,Center for Economic Reality
CERIC,Centro Europa Ricerche
CES,"Center of Excellence in Finance in Ljubljana, Slovenia"
CESKA,"Česká spořitelna, a.s."
CESLA,Centro de Estudios Sobre la Situación Laboral en Argentina (CESLA)
CHIER,Chung-Hua Institution for Economic Research
CHILE,Banco de Chile
CIA,Inter-American Center of Tax Administrations (CIAT)
CIB,CIB Bank Zrt.
CIBCP,CIBC Capital Markets
CIBWM,CIBC World Markets
CICC,China International Capital Corporation Limited
CIMA,Cayman Islands Monetary Authority (CIMA)
CIMBB,CIMB Investment Bank Berhad
CIMBG,CIMB Group Holdings Berhad
CIMBI,CIMB Islamic Bank Berhad
CITAD,AS Citadele banka
CITAM,Citadele asset management
CITIGRP,Citigroup Inc.
CITJP,Citigroup Global Markets Japan Inc.
CME,Common Market for Eastern and Southern Africa (COMESA)
CMIE,Ctr. For Monitoring Indian Economy Pvt (CMIE)
CMIM,Chiang-Mai Initiative Multilateralization (CMIM)
CML,Center for Latin American Monetary Studies (CEMLA)
CNB,Czech National Bank
CNCRD,Concorde Értékpapír Zrt.
CNCRDUKR,Concorde Ukraine
CNOREN,Confederation of Norwegian Enterprise
CNTS,Databanks International
COB,Central African Banking Commission (COBAC)
COMER,Comercio Santiago CCS
COMMB,Commonwealth Bank of Australia
COMRZ,Commerzbank AG
CONECON,Consensus Economics Inc
CONEF,"Consultores Económicos y Financieros, S.C."
CONFC,The Conference Board of Canada
CONFED,Confederation of British Industry
CONIN,Confindustria
CONSL,4E Consultoría
CORFC,Corficolombiana S.A
CORPR,CorpResearch
COS,"Council of Ministers of Finance of Central America, Panama and the Dominican Republic (COSEFIN)"
COYUN,Coyuntura Económica
CPB,Netherlands Bureau for Economic Policy Analysis
CPDEX,Centre de Prévision et d'Expansion
CRA,Crane Data
CRBP,Central Reserve Bank of Peru
CRDAG,Credit Suisse Group AG
CRDTS,Banka CREDITAS a.s.
CRE,Regional Council for Public Savings and Financial Markets (CREPMF)
CRED,Creditsights Inc
CREDAG,Credit Agricole S.A.
CREDC,Credicorp Capital
CREXCD,Coe-Rexecode
CRSIL,CRISIL Limited
CRU,Crunchbase Inc
CSOB,"Československá obchodní banka, a. s. (ČSOB)"
CSPAT,The Centre for Spatial Economics
CWS,Commonwealth Secretariat
CWSX,Curacao and St  Maarten
CZCBA,Czech Banking Association
DAB,Da Afghanistan Bank
DAEWO,Daewoo Securities
DAIWM,Daiwa Capital Markets
DAIWR,Daiwa Institute of Research Ltd.
DANAM,PT Bank Danamon Indonesia Tbk
DANAR,PT Danareksa Sekuritas
DATAN,Datanálisis
DATAR,Datarisk
DATLY,Datalynk
DAVVN,Banco Davivienda S.A.
DBNZ,Deutsche Bank New Zealand
DBR,Deutsche Bank Research
DBS,DBS Bank Ltd.
DBTAG,Deutsche Bank AG
DEA,Dealogic Limited
DEKAB,DekaBank Deutsche Girozentrale
DELAC,Deloitte Access Economics
DELPH,Delphos Investment
DELTT,Deloitte Touche Tohmatsu India LLP
DESJ,Desjardins Group
DEUTS,Deutsche Securities Inc.
DILRI,"Dai-ichi Life Research Institute, Inc."
DINVE,Dinamica Venezuela
DIWBE,German Institute for Economic Research (DIW Berlin)
DLSU,De La Salle University
DNB,De Nederlandsche Bank
DNBIN,Datanet India Pvt Ltd
DNBMK,DNB Markets
DNBNO,DnB Nord Bankas
DNSBK,Danske Bank A/S
DRGCP,Dragon Capital
DRSDR,Dresdner Bank
DRSKL,Dresdner Kleinwort
DTZRE,DTZ Research
DUNBD,"Dun & Bradstreet Holdings, Inc."
DUPNT,E. I. du Pont de Nemours and Company
DWSGP,DWS Group GmbH & Co. KGaA
DYNEC,Dynamic Econ Strategy
DZBANK,DZ Bank AG Deutsche Zentral-Genossenschaftsbank
EABCN,Euro Area Business Cycle Network
EAC,East African Community (EAC)
EACB,East African Central Banks (EACB)
EADB,East African Development Bank (EADB)
EATON,Eaton Corporation PLC
EAW,Euro Area (EA)
EBR,European Bank for Reconstruction and Development (EBRD)
EC,European Commission (EC)
ECB,Eastern Caribbean Central Bank (ECCB)
ECC,Eastern Caribbean Currency Union (ECCU)
ECLAC,Economic Commission for Latin America and the Caribbean (ECLAC)
ECO,Economic Community of West African States (ECOWAS)
ECOANAL,Ecoanalitica
ECOGO,Eco Go Consultores & Estudio Bein & Asociados
ECOIE,Econometrica
ECOINT,Economist Intelligence Unit (EIU)
ECOLA,Ecolatina
ECONL,Econsult S.A.
ECONM,Economap Inc.
ECONP,Economic Perspectives
ECONV,EconViews
ECOSA,ECOSA
ECOSOC,Economic and Social Council (ECOSOC)
ECS,Organisation of Eastern Caribbean States (OECS)
EDB,Eurasian Development Bank (EDB)
EDC,Export Development Canada
EEC,Eurasian Economic Commission (EEC)
EECG,Energy Economics Group
EEU,Eurasian Economic Union
EFG,EFG International
EFSD,Eurasian Fund for Stabilization and Development (EFSD)
EIB,European Investment Bank (EIB)
EIPF,Economic Institute for Planning and Forecasting
EIZ,"Economic Institute, Slovak Academy of Sciences"
EIZZAGR,"Economic Institute, Zagreb"
ELYPS,Elypsis
EMED,Emerging Markets Economic Data Limited (EMED)
EMU,European Economic and Monetary Union
ENE,Enerdata
ENI,Ente Nazionale Idrocarburi
EPENF,Erik Penser Fondkommission AB
EPENS,Erik Penser Bankaktiebolag
EPI,Economic Policy Institute
EQILB,Equilibrium Institute
EQULB,Equilibra
ERGBK,Eurobank Ergasias S.A.
ERSTE,Erste Group Bank AG
ESM,European Stability Mechanism (ESM)
ESPRT,Espert Asociados
ESRI,Esri
ESTAT,Eurostat (ESTAT)
ESTBE,Estudio Bein & Asociados
ESTES,Estudio Espert
ETHFN,EthiFinance Ratings
ETI,Engaged Tracking Index Ltd
ETLA,The Research Institute of the Finnish Economy (ETLA)
EUBOP,European Union-Balance of Payments Facility (EU-BoP)
EUGEN,"Eugene Investment & Securities Co., Ltd."
EULER,Euler Hermes Group SAS
EURAT,European Rating Agency
EUROM,Euromonitor International
EUTKF,Eurobank Tekfen A.Ş.
EUU,European Union (EU)
EXANE,Exane
EXANT,EXANTE
EXBNP,Exane BNP Paribas
EXMIL,Exmile Solutions Ltd
EXPBS,Experian Business Strategies
EXPLC,Experian plc
EXPRA,Expert RA Rating Agency
EYPAR,EY Parthenon
EZB,European Central Bank (ECB)
FACTSET,Factset Research Systems Inc
FAO,Food and Agriculture Organization of the United Nations (FAO)
FATHC,Fathom Consulting
FATOR,Banco Fator S.A.
FDI,fDi Intelligence Ltd
FDXCP,FedEx Corporation
FED,The Federal Reserve System (FRS)
FEDDE,Federal Reserve Bank of Denver
FEDES,Fundación para la Educación Superior y el Desarrollo (Fedesarrollo)
FEDGE,Federal Reserve Bank of Atlanta
FEDMA,Federal Reserve Bank of Boston
FEDNY,Federal Reserve Bank of New York
FERAT,Feri EuroRating Services AG
FERIT,FERI Trust GmbH
FIEL,Fundación de Investigaciones Económicas Latinoamericanas
FINNET,Finnet Elektronik Yayincilik Data
FIRST,First Securities ASA
FIT,Fitch Solutions Inc
FITCH,Fitch Ratings Inc.
FLI,Flightradar24 Ab
FMBPBP,FM Bank PBP SA
FNMAS,Federal National Mortgage Association
FNZC,First NZ Capital Limited
FOC,Focuseconomics SLU
FONTA,Fontaine y Paul Consultores
FORDC,Ford Motor Company
FORTI,Fortis SA/NV
FORTIS,Fortis Bank Nederland
FSB,Financial Stability Board (FSB)
FT,Financial Times
FTRST,First Trust Advisors L.P.
FTS,Ftse International Ltd
FTSOL,Fitch Solutions
FUNCAS,Fundación de las Cajas de Ahorros (FUNCAS)
FUNDC,Fundación Capital
G20,Group of Twenty (G20)
G24,Group of Twenty-four (G-24)
G30,Group of Thirty (G30)
G5,Group of Five (G5)
G7,Group of Seven (G7)
G77,Group of 77 (G77)
G8,Group of Eight (G8;Go8)
GALIC,Banco de Galicia y Buenos Aires S.A.
GAMMA,Groupe d'Analyse Macroéconomique Appliquée
GAMUN,GAMA - Université Paris-Nanterre
GARAN,Türkiye Garanti Bankası A.Ş.
GASTU,Georgia State University
GAZBK,Gazprombank (Joint Stock Company)
GBM,"Grupo Bursátil Mexicano S.A. de C.V., Casa de Bolsa"
GCC,Gulf Cooperation Council (GCC) (GCC)
GDANS,Uniwersytet Gdański
GEMIN,Gemines Consultores
GENIN,Generali Investments CEE Investment Management a.s.
GENMC,General Motors Company
GKIEC,GKI Economic Research Co.
GLBDT,GlobalData
GLDMN,"Goldman Sachs Group, Inc."
GLOEN,Globalen LLC
GLOFIN,Global Financial Data Inc
GLOPART,GlobalSource Partners
GLOPROP,Global Property Guide
GMC,Gulf Monetary Council (GMCO)
GOASS,GO Associados
GRACO,GRA Consultora
GRUBU,"Grupo Bursamétrica, S.A. de C.V., Casa de Bolsa"
GSASX,Goldman Sachs Australia
GSAUS,GS Partners Australia
GSAX,Goldman Sachs (Asia) L.L.C
GSJBW,Goldman Sachs JBWere
GSNZL,Goldman Sachs New Zealand Limited
GSPNZ,GS Partners NZ
GSU,"Georgia State University, Andrew Young School of Policy Studies"
HALBS,Halifax Bank of Scotland
HANCM,Handelsbanken Capital Markets
HAV,Haver Analytics
HELAB,Helaba
HERMC,Hermann Consultores Ltda.
HETEC,Heteronomics
HGSBK,Hang Seng Bank Limited
HITA,"Hitachi, Ltd."
HKMA,Hong Kong Monetary Authority (HKMA)
HNB,Croatian National Bank
HQBNK,HQ Bank AB
HSBAU,HSBC Bank Australia Limited
HSBCB,HSBC Holdings plc
HSBCBI,HSBC Bank A.Ş.
HSBCBK,HSBC Trinkaus & Burkhardt AG
HSBCEC,HSBC Economics
HSBCFR,HSBC France
HUP,Croatian Employers' Association (Hrvatska udruga poslodavaca)
HWWII,Hamburg Institute of International Economics (HWWI)
HYPO,Hypo Alpe Adria Bank d.d.
HYPOB,Hypo Alpe-Adria-Bank International AG
HYSEC,"Hyundai Motor Securities Co., Ltd."
IAD,Inter-American Development Bank (IDB)
IBI,Informa Business Intelligence Inc
IBRD,International Bank for Reconstruction and Development (IBRD)
IBU,İstanbul Bilgi Üniversitesi
ICC,International Chamber of Commerce (ICC)
ICEF,Institut CREA d'Economie et de Finance
ICICI,ICICI Bank Limited
ICICS,ICICI Securities Limited
ICISC,Independent Commodity Intelligence Services
IDA,International Development Association (IDA)
IDB,Islamic Development Bank (IsDB)
IDD,ICE Data Derivatives UK Ltd
IDEA,Institute for Development and Econometric Analysis
IEA,International Energy Agency (IEA)
IEETT,Institute of Economics at Tallinn Technical University
IFAD,International Fund for Agricultural Development (IFAD)
IFC,International Finance Corporation (IFC)
IFL,Instituto Flores de Lemus
IFOIN,Ifo Institute for Economic Research
IFS,Islamic Financial Services Board (IFSB)
IFSWF,International Forum of Sovereign Wealth Funds (IFSWF)
IfWKI,Kiel Institute for the World Economy
IGA,Intergovernmental Authority on Development (IGAD)
IHECO,IHS Economics
IHSGI,HS Global Insight
IHSGLO,Accuris
IHSMK,IHS Markit Ltd.
IIESUCAB,Instituto de Investigaciones Económicas y Sociales de la Universidad Católica Andrés Bello (IIESUCAB)
IIF,Institute of International Finance (IIF)
ILO,International Labour Organization (ILO)
ILOF,International Labour Office (ILO)
IMEC,Institute for Market Economics
IMF,International Monetary Fund (IMF)
INDRA,India Ratings and Research Private Limited
INFMT,Infometrics
INFOR,Informetrica Limited
INFOUM,Inforum University of Maryland
INFRM,Inforum
ING,ING Bank N.V.
INGB,ING Bank Śląski S.A.
INGBK,ING Bank A.Ş.
INGGV,ING Groep N.V.
INGMK,ING Financial Markets
INSEA,Institute for Studies and Economic Analyses
INST,Instituto de Estudios Económicos
INSTFISCALSTUDIES,Institute for Fiscal Studies
INSTKLEINGUAM,Instituto L. R. Klein - Centro Gauss
INTER,InterCapital Securities Zrt.
INTSAN,Intesa Sanpaolo S.p.A.
INTSB,Inteligo SAB
INTSEC,Internet Securities Inc
INVCP,Investment Capital Ukraine
INVEX,INVEX Grupo Financiero
IOC,Indian Ocean Commission (IOC)
IOMB,Isle of Man Bank
IOTA,The Intra-European Organisation of Tax Administrations (IOTA)
IPAG,Institut de Planification et d'Analyse Générale
IPB,Investment Property Databank Ltd
IPE,Instituto Peruano de Economía
IRQOIL,Iraq Oil Report
ISINV,IS Investment
ISORA,The International Survey on Revenue Administration (ISORA)
ITAUB,Itaú BBA
ITAUC,Itaú Corretora de Valores S.A.
ITC,International Tea Committee Ltd (ITC)
ITEMC,ITEM Club
ITOCH,ITOCHU Corporation
ITUBH,Itaú Unibanco Holding S.A.
IWGEDS,International Working Group on External Debt Statistics
IWH,Halle Institute for Economic Research (IWH)
IWKOL,German Economic Institute (IW)
JBIC,Japanese Bank for International Cooperation (JBIC)
JCER,Japan Center for Economic Research
JHEAT,Jonathan Heath and Associates
JPM,JP Morgan Securities LLC
JPMCG,JPMorgan Chase & Co.
JPMMX,J.P. Morgan México
JPMSC,"JPMorgan Securities Japan Co., Ltd."
JTBNK,"J&T Banka, a.s."
JTEC,Japan Techno Economics Center
JULSB,Bank Julius Baer & Co. Ltd.
JUPINT,Jupiter Intelligence Inc
KAD,Kadiev Global Ltd
KASKB,Kasikornbank Public Company Limited
KDI,Korea Development Institute
KEMPEN,Kempen & Co
KENGB,Kenanga Investment Bank Berhad
KERNC,Kern Consulting
KGI,KGI Securities Public Company Limited
KGM,Kgm & Associates Pty Ltd
KIAT,Kiatnakin Phatra
KIECO,Kiel Economics GmbH
KISEC,"Korea Investment & Securities Co., Ltd."
KMBKA,"Komerční banka, a.s."
KOF,KOF Swiss Economic Institute
KOPIN,Kopint-Tárki Institute for Economic Research
KOTAK,Kotak Mahindra Bank Limited
KPMG,KPMG International Limited
KRC,Kasikorn Research Center
KTB,Krung Thai Bank Public Company Limited
KTZMI,KTZMICO Securities Public Company Limited
KUKE,Korporacja Ubezpieczeń Kredytów Eksportowych S.A.
LAR,Latin American Reserve Fund
LAS,League of Arab States
LBB,Landesbank Berlin Holding AG
LBBW,Landesbank Baden-Württemberg
LCACO,LCA Consultores
LCG,LCG Consultora
LCMAC,LC Macro Advisors
LEUMI,Bank Leumi Le-Israel B.M.
LGERI,LG Economic Research Institute
LIBYD,Libertad y Desarrollo
LIBYP,Libertad y Progreso
LIFEA,"Institute for Market, Consumption and Business Cycles Research (LIFEA)"
LIVMR,Liverpool Macro Research
LLOYBCB,Lloyds Bank Commercial Banking
LLOYTSB,Lloyds TSB Financial Markets
LNKD,LinkedIn
LOMSR,Lombard Street Research
LONC,London Club
LRVIA,LarrainVial S.A.
LUMNR,Luminor Bank AS
LUZKB,Luzerner Kantonalbank AG
MACEA,"Macroeconomic Advisers, LLC"
MACON,Macroconsult S.A.
MACQC,Macquarie Capital
MACQL,Macquarie Group Limited
MACQR,Macquarie Research
MACVW,Macroview S.A.
MAGYB,Magyar Bankholding Zrt.
MANDR,PT Bank Mandiri (Persero) Tbk
MANDS,PT Mandiri Sekuritas
MANOF,The Manufacturers' Organisation
MAPB,Mapbox
MAPI,Mapillary
MAPLCRFT,Verisk Maplecroft
MARKIT,Markit Group Limited
MAS,Monetary Authority of Singapore (MAS)
MAYBI,PT Bank Maybank Indonesia Tbk
MAYIB,Maybank Investment Bank Berhad
MBAS,MB Associados
MBROD,MABroda & Asociados
MCECCU,Monetary Council of the Eastern Caribbean Currency Union
MCM,MCM Consultores
MDECO,Moody's Economy.com
MELBR,Melbourne Institute of Applied Economic and Social Research
MER,Mergent Inc
MERCA,"Banco Mercantil, C.A. Banco Universal"
MERLY,Merrill Lynch
MERMARK,Mergermarket Limited
MESA10,MESA10
META,Meta
METBK,Metropolitan Bank & Trust Company
METRO,MetroEconomica
MFGL,MF Global Holdings Ltd
MFM,Macroeconomic and Financial Management Institute of Eastern and Southern Africa Mercosur (MEFMI)
MICR,Microsoft
MIER,Malaysian Institute of Economic Research
MIZHO,"Mizuho Research & Technologies, Ltd."
MKB,MKB Bank Nyrt.
ML_AUS,Merrill Lynch Australia
ML_CAN,Merrill Lynch Canada Inc.
ML_JPN,Merrill Lynch Japan
MLBOA,Merrill Lynch - Bank of America
MMA,Maldives Monetary Authority (MMA)
MNB,Hungarian National Bank
MONEX,Monex Grupo Financiero
MOOD,Moodys Analytics Inc
MOODY,Moody's Corporation
MORNSTAR,Morningstar Inc
MORSA,Morgan Stanley Asia
MORST,Morgan Stanley
MPG,MPG Consultores
MRII,"Mitsubishi Research Institute, Inc."
MSC,MS Consultores
MSCI,MSCI ESG Research LLC (MSCI)
MSG,Melanesian Spearhead Group (MSG)
MSKU,Muğla Sıtkı Koçman Üniversitesi
MUFG,"MUFG Bank, Ltd."
MULT,Multiplicas
MURC,"Mitsubishi UFJ Research and Consulting Co., Ltd."
MVAS,MVAS Macroeconomía
MZSEC,"Mizuho Securities Co., Ltd."
NAB,National Australia Bank Limited
NAFT,Naftogaz
NAHOM,National Association of Home Builders
NASU,National Academy of Sciences of Ukraine
NATBC,National Bank of Canada
NATBF,National Bank Financial Inc.
NATIX,Natixis
NATWM,NatWest Markets
NB,Norges Bank
NBB,National Bank of Belgium
NBC,National Bank of Cambodia
NBE,National Bank of Ethiopia
NBG,National Bank of Georgia
NBKR,National Bank of the Kyrgyz Republic
NBKZ,National Bank of the Republic of Kazakhstan
NBL,National Bank of Liechtenstein
NBM,National Bank of Moldova
NBP,National Bank of Poland
NBPA,National Bank of Panama
NBRB,National Bank of the Republic of Belarus
NBRM,National Bank of the Republic of North Macedonia
NBS,National Bank of Serbia
NBSK,National Bank of Slovakia
NBT,National Bank of Tajikistan
NBTO,National Reserve Bank of Tonga
NBTV,National Bank of Tuvalu
NBUA,National Bank of Ukraine
NDB,New Development Bank (NDB)
NEDBK,Nedbank Group Limited
NHO,Confederation of Norwegian Enterprise (Næringslivets Hovedorganisasjon)
NIB,Nordic Investment Bank
NIBC,NIBC Bank N.V.
NIESR,The National Institute of Economic and Social Research (NIER)
NIPP,Nippon Steel Corporation
NIPPS,Nippon Steel & Sumitomo Metal Corporation
NIPRD,Nippon Steel & Sumitomo Metal Corporation Research & Development
NLANAL,NL Analytics Inc
NLIRI,NLI Research Institute
NMRHD,"Nomura Holdings, Inc."
NOMAU,Nomura Australia Limited
NOMUR,"Nomura Securities Co., Ltd."
NORBK,Nordea Bank Abp
NORDM,Nordea Markets
NORLB,NORD/LB Norddeutsche Landesbank Girozentrale
NORTR,Northern Trust Corporation
NOVA,Nova Media Publishing Inc
NRB,Nepal Rastra Bank
NSAAD,Department of Statistics (Andorra)
NSAAE,Federal Competitiveness and Statistics Centre (United Arab Emirates) (FCSC)
NSAAF,National Statistics and Information Authority (NSIA) (Afghanistan)
NSAAG,"Statistics Division, Ministry of Finance and the Economy (Antigua and Barbuda) (SDAB)"
NSAAI,Anguilla Statistics Department
NSAAL,Institute of Statistics (Albania) (INSTAT)
NSAAM,Statistical Committee RA (Armenia) (SCRA)
NSAAO,National Institute of Statistics (Angola)
NSAAR,National Institute of Statistics and Census (INDEC) (Argentina)
NSAAT,Statistics Austria (SA)
NSAAU,Australian Bureau of Statistics
NSAAW,Central Bureau of Statistics (Aruba)
NSAAZ,The State Statistical Committee of the Republic of Azerbaijan (SSCRA)
NSABA,Agency for Statistics of Bosnia and Herzegovina
NSABB,Barbados Statistical Services
NSABD,Bangladesh Bureau of Statistics
NSABE,Statistics Belgium (Statbel)
NSABF,National Institute of Statistics and Demography (Burkina Faso) (INSD)
NSABG,National Statistical Institute (Bulgaria)
NSABH,Information and eGovernment Authority (iGA) (Bahrain)
NSABI,Institute of Statistics and Economic Studies of Burundi (ISTESBU)
NSABJ,National Institute of Statistics and Economic Analysis (Benin) (INSAE)
NSABN,Department of Economic Planning and Statistics (Brunei Darussalam)
NSABO,National Institute of Statistics (Bolivia)
NSABR,Brazilian Institute of Statistics and Geography
NSABS,Bahamas National Statistical Institute
NSABT,National Statistics Bureau (Bhutan)
NSABW,Statistics Botswana (SB)
NSABY,National Statistical Committee of the Republic of Belarus (Belstat)
NSABZ,Statistical Institute of Belize (SIB)
NSACA,Statistics Canada (STATCAN)
NSACD,"National Statistics Institute (INS) (Congo, Republic of)"
NSACF,Institute of Statistics and Economic and Social Studies of Central African Republic (ICASEES)
NSACG,"National Center for Statistics and Economic Studies (CNSEE) (Congo, Republic of)"
NSACH,Swiss Federal Statistical Office (FSO)
NSACI,National Statistics Agency (ANStat) (Côte d'Ivoire)
NSACK,Cook Islands Statistics Office (Cook Islands)
NSACL,National Statistic Institute (Chile) (INE)
NSACM,National Institute of Statistics (Cameroon)
NSACN,The National Bureau of Statistics of China
NSACO,National Administrative Department of Statistics (Colombia)
NSACR,National Institute of Statistics and Censuses (Costa Rica) (INEC )
NSACU,National Statistics Bureau (Cuba) (ONEI)
NSACV,National Statistics Institute (Cabo Verde) (NSI)
NSACW,Central Bureau of Statistics Curaçao
NSACY,Statistical Service of Cyprus
NSACZ,Czech Statistical Office
NSADE,Federal Statistical Office (Germany) (DESTATIS)
NSADJ,Department of Statistics and Demographic Studies (Djibouti)
NSADK,Statistics Denmark
NSADM,Central Statistical Office (Dominica)
NSADO,National Statistics Bureau (Dominican Republic) (ONE)
NSADZ,National Office of Statistics (Algeria)
NSAEC,National Institute of Statistics and Census (Ecuador) (INEC)
NSAEE,Statistics Estonia
NSAEG,Central agency for Public Mobilization and Statistics (Egypt)
NSAER,National Statistics Office (Eritrea)
NSAES,National Statistics Institute (Spain) (INE)
NSAET,Ethiopian Statistical Service (ESS)
NSAFI,Statistics Finland
NSAFJ,Fiji Bureau of Statistics (FBoS)
NSAFM,FSM Statistics (Micronesia)
NSAFR,National Institute of Statistics and Economic Studies (France) (INSEE)
NSAGA,General Directorate of Statistics (Gabon)
NSAGB,Office for National Statistics (United Kingdom) (ONS)
NSAGD,Central Statistical Office (Grenada)
NSAGE,National Statistics Office of Georgia (GEOSTAT)
NSAGH,Ghana Statistical Services (GSS)
NSAGL,Statistics Greenland
NSAGM,Gambia Bureau of Statistics
NSAGN,National Institute of Statistics (INS) (Guinea)
NSAGQ,National Statistics Institute of Equatorial Guinea (Equatorial Guinea) (INEGE)
NSAGR,Hellenic Statistical Authority (Greece) (ELSTAT)
NSAGT,National Statistics Institute of Guatemala
NSAGU,Bureau of Statistics and Plans (Guam)
NSAGW,National Institute of Statistics and Census (Guinea-Bissau) (INEC)
NSAGY,Bureau of Statistics (Guyana)
NSAHK,Census and Statistics Department (China - Hong Kong)
NSAHN,National Institute of Statistics of Honduras (INS)
NSAHR,Croatian Bureau of Statistics (DZS)
NSAHT,Haitian Institute of Statistics and Informatics (IHSI)
NSAHU,Hungarian Central Statistical Office
NSAID,Statistics Indonesia (BPS)
NSAIE,Central Statistics Office (CSO) (Ireland)
NSAIL,Central Bureau of Statistics (CBS) (Israel)
NSAIN,Ministry of Statistics and Programme Implementation (India)
NSAIQ,Central Organization of Statistics and Information Technology (COSIT) (Iraq)
NSAIR,The Statistical Centre of Iran (SCI)
NSAIS,Statistics Iceland
NSAIT,Italian National Institute of Statistics (ISTAT)
NSAJM,Statistical Institute of Jamaica (STATIN)
NSAJO,Department of Statistics (Jordan)
NSAJP,"Economic and Social Research Institute, Cabinet Office, Government of Japan (ESRI)"
NSAKE,Kenya National Bureau of Statistics (KNBS)
NSAKG,National Statistical Committee of the Kyrgyz Republic
NSAKH,"National Institute of Statistics, Ministry of Planning, Royal Government of Cambodia (NIS)"
NSAKI,Kiribati National Statistics Office (NSO)
NSAKN,Statistical Office (Saint Kitts and Nevis)
NSAKR,Statistics Korea (KOSTAT)
NSAKV,Kosovo Agency of Statistics (ASK)
NSAKW,Central Statistical Bureau (Kuwait)
NSAKY,Economics and Statistics office
NSAKZ,Bureau of National Statistics of the Agency for Strategic Planning and Reforms of the Republic of Kazakhstan
NSALA,Lao Statistics Bureau
NSALB,Central Administration of Statistics (CAS) (Lebanon)
NSALC,Central Statistical Office of Saint Lucia (CSO)
NSALI,Office of Statistics Liechtenstein
NSALK,Department of Census and Statistics (Sri Lanka)
NSALR,Liberia Institute for Statistics and Geo-Information Services (LISGIS)
NSALS,Lesotho Bureau of Statistics (BoS)
NSALT,Statistics Lithuania (SL)
NSALU,National institute of statistics and economic studies (Luxembourg) (STATEC)
NSALV,Central Statistical Bureau of Latvia
NSALY,Bureau of Statistics and Census (Libya)
NSAMA,Department of Statistics High Commission for Planning (Morocco)
NSAMC,Monegasque Institute of Statistics and Economic Studies (Monaco) (IMSEE - Monaco Statistics )
NSAMD,Federal State Statistics Service (Russian Federation) (Rosstat)
NSAME,Statistical Office of Montenegro (MONSTAT)
NSAMG,National Statistics Institute (Madagascar) (INSTAT)
NSAMH,"Economic Policy, Planning and Statistics Office (EPPSO) (Marshall Islands)"
NSAMK,State Statistical Office (North Macedonia) (MAKSTAT)
NSAML,National Institute of Statistics (Mali)
NSAMM,Central Statistical Office (Myanmar)
NSAMN,National Statistics Office of Mongolia
NSAMO,Statistics and Census Service (China - Macao) (DSEC)
NSAMQ,National Institute of Statistics and Economic Studies (Martinique)
NSAMR,National Agency for Statistics Demographic and Economic Analysis (Mauritania)
NSAMS,Ministry of Finance and Economic Management (Montserrat)
NSAMT,National Statistics Office (Malta)
NSAMU,Statistics Mauritius
NSAMV,National Bureau of Statistics (Maldives)
NSAMW,National Statistical Office (Malawi)
NSAMX,National Institute of Statistic and Geography (Mexico) (INEGI)
NSAMY,Department of Statistics (Malaysia)
NSAMZ,National Institute of Statistics (Mozambique) (INE)
NSANA,Namibia Statistics Agency (NSA )
NSANC,New Caledonia Statistical Service (ISEE)
NSANE,National Statistics Institute (Niger)
NSANG,National Bureau of Statistics (NBS) (Nigeria)
NSANI,National Institute of Development Information (Nicaragua) (INIDE)
NSANL,Statistics Netherlands (CBS )
NSANO,Statistics Norway (SSB)
NSANP,Central Bureau Of Statistics (Nepal)
NSANR,Nauru Bureau of Statistics
NSANU,Statistics Niue
NSANZ,Statistics New Zealand
NSAOM,National Center for Statistics and Information (Oman)
NSAPA,National Institute of Statistics and Census - Office of the Comptroller General of Panama (INEC)
NSAPE,National Institute of Statistics and Informatics (Peru) (INEI)
NSAPG,National Statistical Office of Papua New Guinea
NSAPH,Philippine Statistics Authority (PSA)
NSAPK,Pakistan Bureau of Statistics (PBS)
NSAPL,Statistics Poland (GUS)
NSAPS,Palestinian Central Bureau of Statistics (PCBS)
NSAPT,Statistics Portugal
NSAPW,Office of Planning and Statistics (OPS) (Palau)
NSAPY,"Directorate General of Statistics, Surveys, and Censuses (Paraguay)"
NSAQA,National Statistics Center
NSARO,National Institute of Statistics (Romania) (NIS)
NSARS,Statistical Office of the Republic of Serbia
NSARW,National Institute of Statistics of Rwanda (NISR)
NSASA,General Authority of Statistics (Saudi Arabia) (GASTAT)
NSASB,Solomon Islands National Statistics Office
NSASC,National Bureau of Statistics (Seychelles)
NSASD,Central Bureau of Statistics (Sudan)
NSASE,Statistics Sweden (SCB)
NSASG,Singapore Department of Statistics (DOS)
NSASI,Statistical Office of the Republic of Slovenia (SURS)
NSASK,Statistical Office of the Slovak Republic
NSASL,Statistics Sierra Leone
NSASM,"Office of Economic Planning, Data Processing, and Statistics (San Marino) (UPECEDS)"
NSASN,National Agency for Statistics and Demography (Senegal)
NSASO,Somalia National Bureau of Statistics
NSASR,General Bureau of Statistics
NSASS,National Bureau of Statistics (South Sudan)
NSAST,National Institute of Statistics (INE) (São Tomé and Príncipe)
NSASV,General Directorate of Statistics and Censuses (El Salvador) (DIGESTYC)
NSASX,Department of Statistics (Sint Maarten)
NSASY,Central Bureau of Statistics (Syrian Arab Republic)
NSASZ,Central Statistical Office (Eswatini)
NSATC,Department of Economic Planning and Statistics (Turks and Caicos Islands)
NSATD,"Directorate of Statistics, Economic and Demographic Studies (Chad)"
NSATG,National Institute of Statistics and Economic and Demographic Studies (INSEED)
NSATH,National Statistical Office (Thailand)
NSATJ,Agency on Statistics under President of  the Republic of Tajikistan
NSATL,Statistics Timor-Leste General Directorate of Statistics
NSATM,State Committee of Statistics of Turkmenistan
NSATN,Institut National de la Statistique (Tunisia)
NSATO,Tonga Statistics Department
NSATR,Turkish Statistical Institute (TurkStat)
NSATT,Central Statistical Office (Trinidad and Tobago)
NSATV,Tuvalu Central Statistics Division (CSD)
NSATW,National Statistics (Republic of China - Taiwan)
NSATZ,National Bureau of Statistics (Tanzania)
NSAUA,State Statistics Service of Ukraine
NSAUG,Uganda Bureau of Statistics (UBOS)
NSAUS,United States Census Bureau
NSAUY,Instituto Nacional de Estadística Uruguay
NSAUZ,The State Committee of the Republic of Uzbekistan on Statistics
NSAVC,"Statistical Office, Government of Saint Vincent and the Grenadines"
NSAVE,Statistics National Institute (Venezuela) (INE)
NSAVN,General Statistics Office of Vietnam (GSO)
NSAVU,Vanuatu Bureau of Statistics (VBoS)
NSAWS,Samoa Bureau of Statistics (SBS )
NSAYE,Central Statistical Organization (Yemen)
NSAYT,National Bureau of Statistics of the Republic of Moldova
NSAZA,Statistics South Africa (Stats SA)
NSAZM,Zambia Statistics Agency (ZAMSTATS)
NSAZW,Zimbabwe National Statistics Agency (ZIMSTAT)
NUMB,Numbeo Doo
NYKRD,Nykredit Realkredit A/S
NZIER,New Zealand Institute of Economic Research
OAS,Organization of American States (OAS)
OAU,Organization of African Unity (OAU)
OCBC,OCBC Bank (Thai) Public Company Limited
OCBCBANK,OCBC Bank
OCBWH,OCBC Wing Hang Bank Limited
ODDHB,Oddo BHF
ODEAB,Odeabank A.Ş.
ODOSE,Oddo Securities
OECD,Organisation for Economic Co-operation and Development (OECD)
OENB,Austrian National Bank (OeNB)
OFCE,Observatoire Français des Conjonctures Économiques
OHMAN,Ohman
OJFER,Orlando J. Ferreres y Asociados
ONL,Online Only Ou
OOKL,Ookla
OP,OP Financial Group
OPEC,Organization of the Petroleum Exporting Countries (OPEC)
OTKRI,Otkritie FC Bank
OTP,OTP Bank Nyrt.
OUTL,Outlogic
OVRDT,OverData
OXBAK,Oxford Economics at the BAK Basel
OXECO,Oxford Economics
OYAKY,Oyak Yatırım Menkul Değerler A.Ş.
PAIRC,PAIR Conseil
PANMACRO,Pantheon Macroeconomics Inc
PARAL,Parallaxis Economics
PATFA,Patria Finance a.s.
PBZ,Privredna banka Zagreb d.d.
PC,Paris Club
PEKAO,Bank Pekao S.A.
PERMA,PT Bank Permata Tbk
PEZCO,Pezco Economics
PHSEC,Phatra Securities
PICTET,Pictet & Cie Group SCA
PIF,Pacific Islands Forum Secretariat
PITCH,PitchBook Data Inc
PJF,Per Jacobsson Foundation
PKO,Powszechna Kasa Oszczędności Bank Polski S.A.
PMA,Palestine Monetary Authority (PMA)
PMR,PMR Market Experts
PNCFG,"PNC Financial Services Group, Inc."
PNG,Bank of Papua New Guinea
POCZT,Bank Pocztowy
POLEC,Polish Economic Institute
POLIN,Polinomics
POLRI,Polaris Research Institute
POLSC,"Polaris Securities Co., Ltd."
PONTU,Pontificia Universidad Católica de Chile
PPEQ,"Philippine Equity Partners, Inc."
PREM,Premise
PROGN,Prognosis
PROM,Prometeia S.p.A.
PRSGR,The PRS Group Inc
PTBCAT,Bank Central Asia (BCA)
PUENT,Puente
QCB,Qatar Central Bank (QCB)
QIC,QIC Limited
QUAD,Quadrant
RABOB,Rabobank
RABOBNL,Rabobank Nederland
RAIFR,Raiffeisen Research
RBA,Reserve Bank of Australia (RBA)
RBC,RBC Capital Markets
RBF,Reserve Bank of Fiji (RBF)
RBINT,Raiffeisen Bank International AG
RBM,Reserve Bank of Malawi (RBM)
RBNZ,Reserve Bank of New Zealand (RBNZ)
RBSFM,RBS Financial Markets
RBSGP,Royal Bank of Scotland Group plc
RBSRO,RBS Romania
RBSTM,RBS Markets
RBV,Reserve Bank of Vanuatu (RBV)
RBZ,Reserve Bank of Zimbabwe (RBZ)
RDQEC,RDQ Economics
REF,Refinitiv Us LLC
REFRCH,REF Ricerche S.p.A.
RENAI,Renaissance Capital
REPSOL,Repsol S.A.
REXCD,Rexecode
RFRYE,Robert Fry Economics
RGEMO,RGE Monitor
RHBBK,RHB Investment Bank Berhad
RMA,Royal Monetary Authority of Bhutan (RMA)
ROCCI,Romanian Chamber of Commerce and Industry
ROSBK,Rosbank PJSC
ROSEC,Rosenberg & Associados Consultores em Economia
ROSGS,Rosbank PJSC and Societe Generale joint venture
ROUGE,Roubini Global Economics (RGE)
ROYBC,Royal Bank of Canada
RWILE,RWI – Leibniz Institute for Economic Research
RYS,Rystad Energy
RZBOA,Raiffeisen Zentralbank Österreich AG
SAC,Southern African Customs Union (SACU)
SAD,Southern African Development Community (SADC)
SAFEG,Safegraph
SAFR,Banco Safra S.A.
SALOP,Sal. Oppenheim jr. & Cie. AG & Co. KGaA
SAMA,Saudi Central Bank (SCB)
SAMSG,"Samsung Securities Co., Ltd."
SANBR,Banco Santander (Brasil) S.A.
SANCL,Banco Santander Chile
SANES,"Banco Santander, S.A."
SANPL,Santander Bank Polska S.A.
SANTIN,Santander Investment
SANTMX,Banco Santander México S.A.
SANVE,Banco Santander Venezuela C.A. Banco Universal
SARB,South Africa Reserve Bank (SARB)
SBAB,SBAB Bank AB (publ)
SBER,Sberbank of Russia
SBP,State Bank of Pakistan (SBP)
SBV,State Bank of Vietnam (SBV)
SCB,South-East Asian Central Banks Research and Training Centre (SEACEN)
SCBPCL,Siam Commercial Bank Public Company Limited
SCHRD,Schroders plc
SCOTC,Scotiabank Chile
SCOTIA,Scotia Economics
SCPRA,Scope Ratings AG
SD,Science Direct
SEB,Skandinaviska Enskilda Banken AB (publ)
SEBB,SEB bankas
SEBPK,SEB Pank
SEI,Secretariat of Economic Integration of Central America (SIECA)
SFD,Saudi Fund for Development (SFD)
SGCIB,Societe Generale Corporate and Investment Banking
SHB,Svenska Handelsbanken AB (publ)
SHIN,Shinhan Investment Corp.
SHSEC,"Shinhan Securities Co., Ltd."
SILCO,SILCON/C.R. Contadores Associados S/S Ltda.
SLAMGT,Swiss Life Asset Managers
SLOSP,"Slovenská sporiteľňa, a.s."
SNB,Swiss National Bank (SNB)
SNBSE,Swedish National Bank (the Riksbank)
SNP,S and P Global Market Intelligence LLC
SOCGN,Societe Generale S.A.
SOVAC,Sova Capital Limited
SPACEK,SpaceKnow
SPADV,SP Advisors
SPGLO,S&P Global Ratings
SPGMI,S&P Global Market Intelligence
STANCH,Standard Chartered PLC
STATIST,Statista Inc
STOEC,Stokes Economics Consulting
STR,STR LLC
SUPVI,Banco Supervielle S.A.
SWDMK,Swedbank Markets
SWEDA,Swedbank AS
SWEDB,Swedbank AB (publ)
SWEENT,Confederation of Swedish Enterprise
SWF,Swift
SWISS,Swiss Re
SWLI,Swiss Life Holding AG
TAKAR,Takarék Csoport
TASK,TASK
TATA,Tata Consultancy Services Limited
TATRA,"Tatra banka, a.s."
TCMB,Central Bank of the Republic of Turkey
TCNFB,The Conference Board
TDB,The Toronto-Dominion Bank
TDECO,TD Economics
TEB,Türk Ekonomi Bankası A.Ş. (TEB)
TECHC,Vietnam Technological & Commercial Joint-stock Bank (Techcombank)
TENDC,Tendências Consultoria Integrada Ltda.
THANS,Thanachart Securities Public Company Limited
THEOD,Theodoor Gilissen Bankiers N.V.
THORN,Thorne & Associates
TIER,Taiwan Institute of Economic Research
TIMET,Timetric
TISCO,TISCO Financial Group Public Company Limited
TMRW,Tomorrow.io
TORIN,"Torino Economics, LLC"
TOTEN,TotalEnergies SE
TOYOT,Toyota Motor Corporation
TRIME,PT Trimegah Sekuritas Indonesia Tbk
TRND,OECD Turpin North America
TROIK,Troika Dialog
TSKB,Türkiye Sinai Kalkınma Bankası A.Ş.
TSLOM,TS Lombard
TURKF,Türkiye Finans Katılım Bankası A.Ş.
TUSIAD,Turkish Industry and Business Association (TUSIAD)
UBB,United Bulgarian Bank
UBSGP,UBS Group AG
UCEN,Universidad Central de Chile
UCHILE,Universidad de Chile
UCIMB,UniCredit Markets & Investment Banking
UCRSP,UniCredit S.p.A.
UN,United Nations (UN)
UNAC,Unacast
UNCRB,UniCredit Bank S.A.
UNCRD,UniCredit Bulbank AD
UNCTAD,UN Conference on Trade and Development (UNCTAD)
UNDESA,UN Department of Economic and Social Affairs (UNDESA)
UNDP,UN Development Programme (UNDP)
UNECE,UN Economic Commission for Europe (UNECE)
UNESCO,"UN Educational, Scientific and Cultural Organization (UNESCO)"
UNICEF,UN Children's Fund (UNICEF)
UOB,United Overseas Bank Limited (Malaysia)
UOBIN,PT Bank UOB Indonesia
UOBTH,United Overseas Bank (Thai) Public Company Limited
URALS,Uralsib Bank
URSQE,University of Michigan - RSQE (Research Seminar in Quantitative Economics)
USACH,Universidad de Santiago de Chile
UTOR,University of Toronto
VAB,VAB Bank
VECTOR,"Vector Casa de Bolsa, S.A. de C.V."
VENEC,VenEconomía
VERA,Veraset
VISBE,Visa Business & Economic Insights
VONTO,Bank Vontobel AG
VOTOR,Banco Votorantim S.A.
VPMAS,"Ve por Más, S.A. de C.V., Casa de Bolsa"
VTBCP,VTB Capital
VTBEU,VTB Bank (Europe) SE
VUB,"Všeobecná úverová banka, a.s."
WACHV,Wachovia Corporation
WAI,West African Institute for Financial and Economic Management (WAIFEM)
WAM,West African Monetary Institute (WAMI)
WARBG,M.M.Warburg & CO (AG & Co.) KGaA
WAU,West African Economic and Monetary Union (WAEMU)
WBMS,World Bureau of Metal Statistics
WCO,World Customs Organization (WCO)
WEF,World Economic Forum (WEF)
WELCP,Wells Capital Management
WELFR,Wells Fargo & Company
WELLP,Wellershoff & Partners Ltd.
WESTLB,Westdeutsche Landesbank Girozentrale
WESTP,Westpac Banking Corporation
WFP,World Food Programme (WFP)
WGZBK,WGZ Bank AG Westdeutsche Genossenschafts-Zentralbank
WHO,World Health Organization (WHO)
WIIW,The Vienna Institute for International Economic Studies (WIIW)
WIMT,WhereIsMyTransport
WIND,Wind Information Hk Co Ltd
WITS,World Integrated Trade Solution (WITS)
WPULS,WPuls
WTO,World Trade Organization (WTO)
XPSEC,XP Securities
YKB,Yapı Kredi Bankası A.Ş.
YUANTA,"Yuanta Investment Consulting Co., Ltd."
ZKB,Zürcher Kantonalbank
